url_path,views_total,views_unique
/peff74/ESP_AHT20_BMP280,195,135
/peff74/ESP_AHT20_BMP280/tree/main/AHT20_BMP280,110,60
/peff74/ESP_AHT20_BMP280/blob/main/AHT20_BMP280/AHT20_BMP280.ino,80,49
/peff74/ESP_AHT20_BMP280/blob/main/AHT20_BMP280/AHT20.ino,46,29
/peff74/ESP_AHT20_BMP280/blob/main/AHT20_BMP280/BMP280.ino,37,25
/peff74/ESP_AHT20_BMP280/blob/main/AHT20_BMP280.jpg,26,21
/peff74/ESP_AHT20_BMP280/blob/main/Data%20Sheet%20AHT20.pdf,21,16
/peff74/ESP_AHT20_BMP280/tree/main,21,14
/peff74/ESP_AHT20_BMP280/blob/main/README.md,20,11
/peff74/ESP_AHT20_BMP280/blob/main/Data%20Sheet%20BMP280.pdf,16,15
